record_id,group,message,gold,first,second,first_note,second_note
banking77-v3_banking77_test_full-000954,a,How can I stop fraud on my account right now?,compromised_card,label_correct,ambiguous,,other also fits: the message says account fraud but does not identify a compromised card.
banking77-v3_banking77_test_full-000050,a,Can I reactivate a card I thought I lost?,card_linking,ambiguous,convention,reactivating a found card: card_linking or activate_my_card,Literal best option: activate_my_card; reactivating a found card is treated as card_linking by Banking77.
banking77-test_banking77-000714,b,Why did I get a message saying that my transfer is not possible?  I have done this before no problem.  Please fix.,beneficiary_not_allowed,label_correct,ambiguous,,other also fits because the message reports a generic transfer failure and never mentions a beneficiary.
banking77-test_banking77-000438,a,I topped up my card but the money disappeared.,topping_up_by_card,ambiguous,label_wrong,top-up money disappeared: top_up_reverted or top_up_failed fit as well as topping_up_by_card,Best option: top_up_reverted; the top-up disappeared after being added.
banking77-v3_banking77_test_full-001253,a,Someone transferred money to me and it doesn't show,pending_transfer,ambiguous,label_wrong,incoming transfer not showing; pending_transfer is about an outgoing one,Best option: transfer_not_received_by_recipient; the speaker is the recipient and the sent money has not arrived.
banking77-v3_banking77_test_full-000599,a,I am still awaiting the completion of the transaction.,transfer_not_received_by_recipient,ambiguous,label_wrong,awaiting completion of a transaction: not clearly a transfer to a recipient,Best option: other; the message only says a transaction is incomplete and gives no recipient context.
banking77-test_banking77-000542,a,I was mugged yesterday and they took everything.  I can't access my app.  What are my next steps?,lost_or_stolen_phone,ambiguous,label_correct,"mugged, everything taken: lost phone and lost card both fit",
banking77-v3_banking77_test_full-000591,a,I made a transaction and it is taking a very long time to go through.,transfer_not_received_by_recipient,ambiguous,label_wrong,slow transaction: transfer_timing is offered and fits as well,Best option: transfer_timing; the message asks about a slow transaction and does not mention a recipient.
banking77-test_banking77-000768,a,How do I top up my card?,transfer_into_account,convention,label_correct,how to top up: transfer_into_account only by Banking77 convention,
banking77-test_banking77-000780,a,Can you give me information about verification code?,verify_top_up,ambiguous,label_wrong,verification code: verify_top_up or verify_my_identity,Best option: other; a generic verification code is not specifically a top-up verification.
banking77-test_banking77-000497,b,What should I do if the passcode doesn't work for me?,passcode_forgotten,label_correct,ambiguous,,"other also fits because the passcode is said not to work, not to be forgotten."
banking77-v3_banking77_test_full-000404,a,How do I enable contactless pay?,contactless_not_working,ambiguous,label_correct,how to enable contactless: the label names a malfunction,
banking77-v3_banking77_test_full-000712,a,On my last transaction it seem that my top-up was not successful.,top_up_reverted,ambiguous,label_wrong,top-up not successful: top_up_failed is offered and fits as well,"Best option: top_up_failed; the top-up was unsuccessful, not completed and then reversed."
banking77-v3_banking77_test_full-000114,a,When will the $1 transaction be credited to me?,extra_charge_on_statement,ambiguous,label_correct,the $1 transaction: extra charge or a verification charge,
banking77-test_banking77-000092,a,I need my card now!,card_delivery_estimate,ambiguous,label_correct,I need my card now: delivery estimate or ordering,
banking77-test_banking77-000828,a,Where can my card be delivered?,order_physical_card,label_correct,ambiguous,,get_physical_card also fits because this asks about receiving a physical card rather than placing an order.
banking77-v3_banking77_test_full-001021,a,I am concerned about the security in my account and would like to make a dispute.,direct_debit_payment_not_recognised,ambiguous,label_wrong,security concern and dispute: no sign of a direct debit,Best option: other; the message mentions a generic security dispute but no unrecognized direct debit.
banking77-v3_banking77_test_full-000856,a,And what about the Card's PIN?,get_physical_card,ambiguous,convention,the card's PIN: too vague,Literal best option: change_pin; Banking77 convention assigns a generic card-PIN question to get_physical_card.
banking77-v3_banking77_test_full-000891,a,What major card payments are accepted?,visa_or_mastercard,ambiguous,label_correct,card payments accepted: card_acceptance is offered and fits as well,
banking77-v3_banking77_test_full-000408,b,I would like to make a transfer. How much does it cost?,top_up_by_bank_transfer_charge,ambiguous,label_wrong,"cost of a transfer: transfer fees, not top-up charges","Best option: other; this asks about the cost of a transfer, not a fee for topping up by bank transfer."
banking77-v3_banking77_test_full-000179,a,I want to make a currency exchange to EU.,fiat_currency_support,ambiguous,label_correct,currency exchange to EU: fiat_currency_support or exchange_rate,
banking77-v3_banking77_test_full-000628,a,Is my currency okay to add money with?,supported_cards_and_currencies,ambiguous,label_correct,currency okay to add money with: fiat_currency_support is offered and fits as well,
banking77-test_banking77-000465,a,I think someone got my card details and used it because there are transactions i don't recognize. What do I do now?,compromised_card,label_correct,ambiguous,,card_payment_not_recognised also fits because the user reports specific transactions they do not recognize.
banking77-v3_banking77_test_full-001413,a,What happens if a merchant doesn't accept a payment?,reverted_card_payment?,label_correct,ambiguous,,other also fits because merchant non-acceptance does not necessarily mean a payment was reversed or refunded.
banking77-test_banking77-000082,a,"What's a pending transaction? My card was declined at an ATM, but my account says it's still pending. Can I cancel the payment?",pending_cash_withdrawal,ambiguous,label_correct,declined at an ATM but pending: pending or declined cash withdrawal,
banking77-test_banking77-000316,a,I put money into my account for the minimum balance but the application didn't accept.,top_up_reverted,ambiguous,label_wrong,deposit not accepted: top_up_failed is offered and fits as well,"Best option: top_up_failed; the application did not accept the top-up, so it was not completed and then reversed."
banking77-v3_banking77_test_full-000899,a,Can friends add to my account,topping_up_by_card,label_wrong,label_correct,"friends adding money: receiving money, not topping up by card",
banking77-test_banking77-000566,b,"You keep declining my transfers? It's always been working really well so far, but when I tried to buy something just now the card got declined. I tried couple times already but same thing.",declined_transfer,label_wrong,ambiguous,"a card declined when buying something, not a declined transfer",other also fits because the message shifts from declined transfers to a declined card purchase.
banking77-v3_banking77_test_full-000593,a,How long will it take for my transaction to be completed?,transfer_not_received_by_recipient,ambiguous,label_wrong,slow transaction: not clearly a transfer to a recipient,Best option: other; the message only asks about transaction completion time and gives no recipient context.
banking77-test_banking77-000015,a,I would like to reactivate my card.,card_linking,ambiguous,convention,reactivating a card: activate_my_card is offered and fits as well,Literal best option: activate_my_card; reactivating a card is treated as card_linking by Banking77.
banking77-v3_banking77_test_full-000961,a,How do I freeze my account?,compromised_card,label_correct,ambiguous,,other also fits because the message asks to freeze an account without saying that a card is compromised.
banking77-v3_banking77_test_full-001560,b,"I don't understand how to top up my account, can you please explain the process?",transfer_into_account,convention,label_correct,how to top up: transfer_into_account only by Banking77 convention,
banking77-v3_banking77_test_full-001655,a,How can I top-up my card?,top_up_by_cash_or_cheque,ambiguous,label_wrong,how to top up: by cash or cheque is one of several ways,Best option: other; the message asks generically how to top up and does not mention cash or cheque.
banking77-test_banking77-000908,a,How do I cancel my card? There are charges on my account that I didn't make.,cash_withdrawal_not_recognised,ambiguous,label_wrong,charges not made by me and cancel card: not clearly cash withdrawals,Best option: extra_charge_on_statement; the user reports unauthorized charges but does not say they were cash withdrawals.
banking77-v3_banking77_test_full-000592,a,Is there a reason why my transaction is taking so long?,transfer_not_received_by_recipient,ambiguous,label_wrong,slow transaction: not clearly a transfer to a recipient,Best option: other; the message describes a slow transaction but does not mention a recipient.
banking77-test_banking77-000351,a,I have an unauthorized transaction on my statement,card_payment_not_recognised,label_correct,ambiguous,,direct_debit_payment_not_recognised or cash_withdrawal_not_recognised also fits because the transaction type is not specified.
