row,group,record_id,question_id,cc_verdict,cc_note
1,c,clinc-test_indomain-001233,intent,model_wrong,
2,b,banking77-v3_banking77_test_full-000826,label,model_wrong,
3,c,clinc-test_indomain-004196,intent,model_wrong,
4,a,banking77-test_banking77-000170,label,model_wrong,
5,a,banking77-v3_banking77_test_full-000954,label,model_wrong,
6,b,banking77-v3_banking77_test_full-000213,label,model_wrong,
7,a,banking77-v3_banking77_test_full-001405,label,model_wrong,
8,a,banking77-v3_banking77_test_full-000050,label,ambiguous,reactivating a found card: card_linking or activate_my_card
9,a,banking77-test_banking77-000067,label,model_wrong,
10,a,banking77-v3_banking77_test_full-001727,label,label_wrong,"asks about ATM fees abroad; exchange_charge is offered and fits, not a wrong rate"
11,c,clinc-test_indomain-000227,intent,model_wrong,
12,b,banking77-v3_banking77_test_full-002004,label,model_wrong,
13,b,banking77-v3_banking77_test_full-000732,label,model_wrong,
14,a,banking77-test_banking77-000925,label,ambiguous,fees for top ups in general: by card or by bank transfer both offered
15,a,banking77-v3_banking77_test_full-001958,label,ambiguous,sending a new card to China: card_about_to_expire only by Banking77 convention; delivery or country support fit too
16,c,clinc-test_indomain-003695,intent,model_wrong,
17,b,banking77-test_banking77-000714,label,model_wrong,
18,a,banking77-test_banking77-000438,label,ambiguous,top-up money disappeared: top_up_reverted or top_up_failed fit as well as topping_up_by_card
19,b,banking77-v3_banking77_test_full-001158,label,model_wrong,
20,c,clinc-test_indomain-002785,intent,model_wrong,
21,a,banking77-test_banking77-000278,label,label_wrong,when will funds transfer: transfer_timing is offered and fits; nothing says the recipient lacks it
22,b,banking77-test_banking77-000788,label,model_wrong,
23,a,banking77-v3_banking77_test_full-000997,label,ambiguous,someone stole my money: no sign it is a direct debit; card_payment_not_recognised fits as well
24,c,clinc-test_indomain-004813,intent,model_wrong,
25,a,banking77-v3_banking77_test_full-001253,label,ambiguous,incoming transfer not showing; pending_transfer is about an outgoing one
26,b,banking77-test_banking77-000978,label,model_wrong,
27,b,banking77-test_banking77-000348,label,model_wrong,
28,c,clinc-test_indomain-000195,intent,model_wrong,
29,a,banking77-v3_banking77_test_full-000599,label,ambiguous,awaiting completion of a transaction: not clearly a transfer to a recipient
30,b,banking77-test_banking77-000523,label,model_wrong,
31,a,banking77-v3_banking77_test_full-000843,label,ambiguous,what to do with my PIN: get_physical_card only by Banking77 convention
32,a,banking77-v3_banking77_test_full-000617,label,ambiguous,currencies accepted: fiat_currency_support is offered and fits as well
33,a,banking77-test_banking77-000542,label,ambiguous,"mugged, everything taken: lost phone and lost card both fit"
34,a,banking77-v3_banking77_test_full-000591,label,ambiguous,slow transaction: transfer_timing is offered and fits as well
35,a,banking77-v3_banking77_test_full-001106,label,ambiguous,pending transaction: pending_transfer is offered and fits as well
36,c,clinc-test_indomain-002040,intent,model_wrong,
37,c,clinc-test_indomain-004938,intent,model_wrong,
38,a,banking77-test_banking77-000768,label,ambiguous,how to top up: transfer_into_account only by Banking77 convention
39,b,banking77-v3_banking77_test_full-000143,label,model_wrong,
40,b,banking77-v3_banking77_test_full-002033,label,model_wrong,
41,a,banking77-test_banking77-000780,label,ambiguous,verification code: verify_top_up or verify_my_identity
42,b,banking77-v3_banking77_test_full-001754,label,model_wrong,
43,b,banking77-test_banking77-000496,label,model_wrong,
44,a,banking77-test_banking77-000426,label,label_wrong,top-up vanished from the wallet: top_up_reverted is offered and fits
45,c,clinc-test_indomain-005046,intent,model_wrong,
46,a,banking77-v3_banking77_test_full-001400,label,model_wrong,
47,b,banking77-v3_banking77_test_full-000273,label,model_wrong,
48,a,banking77-v3_banking77_test_full-000902,label,ambiguous,card transfer money disappeared: top-up issue or another
49,c,clinc-test_indomain-003676,intent,model_wrong,
50,a,banking77-v3_banking77_test_full-001002,label,ambiguous,weird charges on a debit account: card_payment_not_recognised fits as well
51,c,clinc-test_indomain-004046,intent,model_wrong,
52,b,banking77-test_banking77-000497,label,model_wrong,
53,c,clinc-test_indomain-002761,intent,model_wrong,
54,a,banking77-v3_banking77_test_full-000404,label,ambiguous,how to enable contactless: the label names a malfunction
55,b,banking77-v3_banking77_test_full-000787,label,model_wrong,
56,a,banking77-v3_banking77_test_full-000797,label,model_wrong,
57,a,banking77-v3_banking77_test_full-001157,label,model_wrong,
58,a,banking77-v3_banking77_test_full-001819,label,model_wrong,
59,c,clinc-test_indomain-005527,intent,model_wrong,
60,a,banking77-test_banking77-000717,label,label_wrong,no cryptocurrency on the app: nothing to do with beneficiaries
61,c,clinc-test_indomain-005780,intent,model_wrong,
62,c,clinc-test_indomain-004412,intent,model_wrong,
63,b,banking77-v3_banking77_test_full-000639,label,model_wrong,
64,c,clinc-test_indomain-005548,intent,model_wrong,
65,a,banking77-v3_banking77_test_full-000857,label,ambiguous,about the card PIN: too vague; get_physical_card by convention
66,a,banking77-v3_banking77_test_full-001455,label,ambiguous,"transfer error: beneficiary_not_allowed is one possible cause, not stated"
67,c,clinc-test_indomain-004718,intent,model_wrong,
68,b,banking77-test_banking77-000077,label,model_wrong,
69,a,banking77-v3_banking77_test_full-001501,label,label_wrong,unexpected charge: extra_charge_on_statement is offered and fits; no transfer mentioned
70,c,clinc-test_indomain-002268,intent,model_wrong,
71,a,banking77-v3_banking77_test_full-000951,label,model_wrong,
72,c,clinc-test_indomain-000799,intent,model_wrong,
73,c,clinc-test_indomain-003645,intent,model_wrong,
74,a,banking77-v3_banking77_test_full-000712,label,ambiguous,top-up not successful: top_up_failed is offered and fits as well
75,c,clinc-test_indomain-002950,intent,model_wrong,
76,b,banking77-v3_banking77_test_full-002037,label,model_wrong,
77,a,banking77-v3_banking77_test_full-001298,label,model_wrong,
78,a,banking77-test_banking77-000952,label,model_wrong,
79,b,banking77-v3_banking77_test_full-000570,label,model_wrong,
80,c,clinc-test_indomain-002430,intent,model_wrong,
81,a,banking77-v3_banking77_test_full-001815,label,model_wrong,
82,a,banking77-v3_banking77_test_full-000114,label,ambiguous,the $1 transaction: extra charge or a verification charge
83,b,banking77-test_banking77-000723,label,model_wrong,
84,c,clinc-test_indomain-002018,intent,model_wrong,
85,a,banking77-test_banking77-000092,label,ambiguous,I need my card now: delivery estimate or ordering
86,c,clinc-test_indomain-002831,intent,model_wrong,
87,a,banking77-v3_banking77_test_full-002017,label,model_wrong,
88,a,banking77-v3_banking77_test_full-000238,label,model_wrong,
89,b,banking77-test_banking77-000797,label,model_wrong,
90,a,banking77-test_banking77-000828,label,model_wrong,
91,b,banking77-test_banking77-000064,label,model_wrong,
92,a,banking77-v3_banking77_test_full-001066,label,model_wrong,
93,a,banking77-test_banking77-000696,label,label_wrong,card not working for an online purchase: no reverted payment in the message
94,a,banking77-v3_banking77_test_full-001021,label,ambiguous,security concern and dispute: no sign of a direct debit
95,a,banking77-v3_banking77_test_full-001672,label,label_wrong,fees for using the card: nothing about ordering a physical card
96,b,banking77-v3_banking77_test_full-000435,label,ambiguous,SWIFT transfer: top_up_by_bank_transfer_charge only by Banking77 convention
97,b,banking77-test_banking77-000263,label,model_wrong,
98,a,banking77-v3_banking77_test_full-001698,label,label_wrong,"multiple transactions with a virtual card: a question about limits, not a malfunction"
99,a,banking77-v3_banking77_test_full-000850,label,ambiguous,where to find the new PIN: get_physical_card by convention
100,c,clinc-test_indomain-000928,intent,model_wrong,
101,a,banking77-test_banking77-000000,label,ambiguous,locate my card: arrival or lost card
102,c,clinc-test_indomain-003402,intent,model_wrong,
103,a,banking77-test_banking77-000805,label,model_wrong,
104,a,banking77-v3_banking77_test_full-000903,label,ambiguous,charged money not showing in the balance: top-up or card payment
105,b,banking77-test_banking77-000619,label,model_wrong,
106,c,clinc-test_indomain-005494,intent,model_wrong,
107,c,clinc-test_indomain-004378,intent,model_wrong,
108,b,banking77-test_banking77-000955,label,model_wrong,
109,c,clinc-test_indomain-005350,intent,model_wrong,
110,a,banking77-v3_banking77_test_full-001837,label,ambiguous,stolen card and money taken: lost_or_stolen_card is the main request
111,a,banking77-test_banking77-000565,label,label_wrong,contacting support about a transfer: nothing says it was declined
112,c,clinc-test_indomain-001185,intent,model_wrong,
113,a,banking77-v3_banking77_test_full-001415,label,model_wrong,
114,a,banking77-test_banking77-000528,label,model_wrong,
115,a,banking77-test_banking77-000182,label,label_wrong,documents for a new card: unrelated to contactless
116,a,banking77-v3_banking77_test_full-000856,label,ambiguous,the card's PIN: too vague
117,a,banking77-v3_banking77_test_full-001912,label,label_wrong,"card missing: about a lost card, not activation"
118,b,banking77-v3_banking77_test_full-001206,label,model_wrong,
119,a,banking77-v3_banking77_test_full-001797,label,label_wrong,card declined when needing cash: not a failed top-up
120,c,clinc-test_indomain-005037,intent,model_wrong,
121,a,banking77-v3_banking77_test_full-000089,label,ambiguous,"charged more: exchange rate, extra charge or fee"
122,a,banking77-v3_banking77_test_full-000891,label,ambiguous,card payments accepted: card_acceptance is offered and fits as well
123,a,banking77-test_banking77-000354,label,model_wrong,
124,a,banking77-v3_banking77_test_full-001839,label,model_wrong,
125,b,banking77-v3_banking77_test_full-001238,label,model_wrong,
126,b,banking77-v3_banking77_test_full-000408,label,ambiguous,"cost of a transfer: transfer fees, not top-up charges"
127,b,banking77-v3_banking77_test_full-000390,label,model_wrong,
128,b,banking77-test_banking77-000117,label,model_wrong,
129,a,banking77-v3_banking77_test_full-001497,label,ambiguous,fees increased: transfer fee or extra charge
130,b,banking77-v3_banking77_test_full-001957,label,ambiguous,new card sent to China: card_about_to_expire only by Banking77 convention
131,c,clinc-test_indomain-000099,intent,model_wrong,
132,c,clinc-test_indomain-004271,intent,model_wrong,
133,c,clinc-test_indomain-002878,intent,model_wrong,
134,b,banking77-test_banking77-000645,label,model_wrong,
135,b,banking77-v3_banking77_test_full-000831,label,label_wrong,"what is needed to verify: a requirements question, not a failure to verify"
136,a,banking77-v3_banking77_test_full-000179,label,ambiguous,currency exchange to EU: fiat_currency_support or exchange_rate
137,c,clinc-test_indomain-003533,intent,model_wrong,
138,a,banking77-test_banking77-000913,label,label_wrong,asks for the exchange rate; exchange_rate is offered
139,c,clinc-test_indomain-002971,intent,model_wrong,
140,c,clinc-test_indomain-001539,intent,model_wrong,
141,a,banking77-v3_banking77_test_full-000628,label,ambiguous,currency okay to add money with: fiat_currency_support is offered and fits as well
142,a,banking77-test_banking77-000465,label,model_wrong,
143,c,clinc-test_indomain-001618,intent,model_wrong,
144,a,banking77-v3_banking77_test_full-001413,label,model_wrong,
145,c,clinc-test_indomain-000618,intent,model_wrong,
146,b,banking77-v3_banking77_test_full-002055,label,model_wrong,
147,a,banking77-test_banking77-000082,label,ambiguous,declined at an ATM but pending: pending or declined cash withdrawal
148,b,banking77-v3_banking77_test_full-000893,label,model_wrong,
149,c,clinc-test_indomain-001863,intent,model_wrong,
150,a,banking77-v3_banking77_test_full-000414,label,ambiguous,transfer from SWIFT: by Banking77 convention
151,a,banking77-v3_banking77_test_full-000407,label,label_wrong,reinstalling the payment app: not about contactless
152,a,banking77-v3_banking77_test_full-000528,label,model_wrong,
153,a,banking77-test_banking77-000316,label,ambiguous,deposit not accepted: top_up_failed is offered and fits as well
154,a,banking77-v3_banking77_test_full-000229,label,ambiguous,limit on automatic top-up: top_up_limits is offered and fits as well
155,a,banking77-v3_banking77_test_full-000899,label,label_wrong,"friends adding money: receiving money, not topping up by card"
156,a,banking77-v3_banking77_test_full-001669,label,ambiguous,where cards are delivered: country_support is offered and fits as well
157,b,banking77-test_banking77-000144,label,model_wrong,
158,b,banking77-test_banking77-000566,label,label_wrong,"a card declined when buying something, not a declined transfer"
159,b,banking77-v3_banking77_test_full-000103,label,model_wrong,
160,b,banking77-v3_banking77_test_full-001986,label,model_wrong,
161,b,banking77-test_banking77-000486,label,model_wrong,
162,b,banking77-v3_banking77_test_full-000877,label,model_wrong,
163,a,banking77-v3_banking77_test_full-000593,label,ambiguous,slow transaction: not clearly a transfer to a recipient
164,a,banking77-test_banking77-000440,label,model_wrong,
165,a,banking77-v3_banking77_test_full-000451,label,ambiguous,top up did not complete: top_up_failed is offered and fits as well
166,a,banking77-test_banking77-000015,label,ambiguous,reactivating a card: activate_my_card is offered and fits as well
167,b,banking77-test_banking77-000772,label,model_wrong,
168,c,clinc-test_indomain-002380,intent,model_wrong,
169,a,banking77-test_banking77-000480,label,model_wrong,
170,b,banking77-v3_banking77_test_full-000837,label,model_wrong,
171,b,banking77-test_banking77-000898,label,model_wrong,
172,a,banking77-test_banking77-000081,label,model_wrong,
173,c,clinc-test_indomain-005386,intent,model_wrong,
174,a,banking77-v3_banking77_test_full-000880,label,model_wrong,
175,a,banking77-v3_banking77_test_full-000961,label,model_wrong,
176,a,banking77-test_banking77-000646,label,model_wrong,
177,c,clinc-test_indomain-003969,intent,model_wrong,
178,c,clinc-test_indomain-004419,intent,model_wrong,
179,a,banking77-test_banking77-000755,label,label_wrong,policies for card transfers: nothing failed
180,a,banking77-v3_banking77_test_full-000417,label,ambiguous,SWIFT transfers: by Banking77 convention
181,a,banking77-test_banking77-000769,label,model_wrong,
182,b,banking77-v3_banking77_test_full-001560,label,ambiguous,how to top up: transfer_into_account only by Banking77 convention
183,a,banking77-v3_banking77_test_full-001471,label,label_wrong,help with a transfer: nothing about beneficiaries
184,a,banking77-v3_banking77_test_full-001655,label,ambiguous,how to top up: by cash or cheque is one of several ways
185,a,banking77-test_banking77-000908,label,ambiguous,charges not made by me and cancel card: not clearly cash withdrawals
186,b,banking77-test_banking77-000866,label,model_wrong,
187,a,banking77-v3_banking77_test_full-001831,label,model_wrong,
188,c,clinc-test_indomain-000718,intent,model_wrong,
189,a,banking77-v3_banking77_test_full-000592,label,ambiguous,slow transaction: not clearly a transfer to a recipient
190,a,banking77-v3_banking77_test_full-000041,label,model_wrong,
191,a,banking77-v3_banking77_test_full-001731,label,label_wrong,"ATM fees abroad: exchange_charge is offered and fits, not a wrong rate"
192,c,clinc-test_indomain-004310,intent,model_wrong,
193,c,clinc-test_indomain-005572,intent,model_wrong,
194,a,banking77-test_banking77-000385,label,ambiguous,help verifying: unable_to_verify_identity or verify_my_identity
195,a,banking77-test_banking77-000351,label,model_wrong,
196,a,banking77-v3_banking77_test_full-001128,label,label_wrong,stolen cards: lost_or_stolen_card is offered
197,a,banking77-v3_banking77_test_full-000868,label,ambiguous,what to do for a PIN: get_physical_card by convention
198,c,clinc-test_indomain-001921,intent,model_wrong,
199,c,clinc-test_indomain-003205,intent,model_wrong,
200,b,banking77-v3_banking77_test_full-001729,label,model_wrong,
