record_id,question_id,group,gold_label,zero_shot,full_sft_s0,direct_brier_s0,sft_06b
clinc-test_indomain-001233,intent,c,other,,,,other (0.990)
banking77-v3_banking77_test_full-000826,label,b,unable_to_verify_identity,unable_to_verify_identity (0.999),unable_to_verify_identity (1.000),unable_to_verify_identity (0.999),
clinc-test_indomain-004196,intent,c,other,,,,other (0.998)
banking77-test_banking77-000170,label,a,pin_blocked,pin_blocked (0.469),change_pin (0.978),change_pin (0.708),
banking77-v3_banking77_test_full-000954,label,a,compromised_card,other (0.441),declined_card_payment (0.994),declined_card_payment (0.878),
banking77-v3_banking77_test_full-000213,label,b,card_delivery_estimate,card_delivery_estimate (0.999),card_delivery_estimate (1.000),card_delivery_estimate (1.000),
banking77-v3_banking77_test_full-001405,label,a,reverted_card_payment?,direct_debit_payment_not_recognised (0.733),top_up_failed (0.475),direct_debit_payment_not_recognised (0.534),
banking77-v3_banking77_test_full-000050,label,a,card_linking,activate_my_card (0.998),activate_my_card (1.000),activate_my_card (0.985),
banking77-test_banking77-000067,label,a,extra_charge_on_statement,other (0.509),pending_cash_withdrawal (0.523),pending_cash_withdrawal (0.376),
banking77-v3_banking77_test_full-001727,label,a,wrong_exchange_rate_for_cash_withdrawal,exchange_charge (0.893),exchange_charge (0.733),exchange_charge (0.801),
clinc-test_indomain-000227,intent,c,improve_credit_score,,,,improve_credit_score (1.000)
banking77-v3_banking77_test_full-002004,label,b,apple_pay_or_google_pay,apple_pay_or_google_pay (0.597),apple_pay_or_google_pay (1.000),apple_pay_or_google_pay (0.993),
banking77-v3_banking77_test_full-000732,label,b,balance_not_updated_after_cheque_or_cash_deposit,balance_not_updated_after_cheque_or_cash_deposit (0.726),balance_not_updated_after_cheque_or_cash_deposit (1.000),balance_not_updated_after_cheque_or_cash_deposit (0.998),
banking77-test_banking77-000925,label,a,top_up_by_card_charge,top_up_by_bank_transfer_charge (0.994),top_up_by_bank_transfer_charge (0.987),top_up_by_bank_transfer_charge (0.996),
banking77-v3_banking77_test_full-001958,label,a,card_about_to_expire,card_delivery_estimate (0.971),card_delivery_estimate (0.973),card_delivery_estimate (0.902),
clinc-test_indomain-003695,intent,c,jump_start,,,,jump_start (1.000)
banking77-test_banking77-000714,label,b,beneficiary_not_allowed,other (0.659),beneficiary_not_allowed (0.999),beneficiary_not_allowed (0.981),
banking77-test_banking77-000438,label,a,topping_up_by_card,top_up_failed (0.519),top_up_reverted (0.901),top_up_failed (0.571),
banking77-v3_banking77_test_full-001158,label,b,request_refund,request_refund (0.997),request_refund (1.000),request_refund (0.999),
clinc-test_indomain-002785,intent,c,weather,,,,weather (1.000)
banking77-test_banking77-000278,label,a,transfer_not_received_by_recipient,transfer_timing (1.000),transfer_timing (0.999),transfer_timing (0.998),
banking77-test_banking77-000788,label,b,verify_top_up,verify_top_up (0.998),verify_top_up (1.000),verify_top_up (0.999),
banking77-v3_banking77_test_full-000997,label,a,direct_debit_payment_not_recognised,other (0.576),card_payment_not_recognised (0.991),card_payment_not_recognised (0.896),
clinc-test_indomain-004813,intent,c,other,,,,other (1.000)
banking77-v3_banking77_test_full-001253,label,a,pending_transfer,transfer_not_received_by_recipient (0.710),transfer_not_received_by_recipient (1.000),transfer_not_received_by_recipient (0.999),
banking77-test_banking77-000978,label,b,verify_my_identity,verify_my_identity (0.999),verify_my_identity (0.820),verify_my_identity (0.999),
banking77-test_banking77-000348,label,b,card_payment_not_recognised,card_payment_not_recognised (0.991),card_payment_not_recognised (0.999),card_payment_not_recognised (0.999),
clinc-test_indomain-000195,intent,c,pto_request,,,,pto_request (0.992)
banking77-v3_banking77_test_full-000599,label,a,transfer_not_received_by_recipient,failed_transfer (0.957),failed_transfer (0.767),failed_transfer (0.556),
banking77-test_banking77-000523,label,b,pending_card_payment,pending_card_payment (0.983),pending_card_payment (1.000),pending_card_payment (0.996),
banking77-v3_banking77_test_full-000843,label,a,get_physical_card,passcode_forgotten (0.962),passcode_forgotten (0.726),passcode_forgotten (0.875),
banking77-v3_banking77_test_full-000617,label,a,supported_cards_and_currencies,fiat_currency_support (0.857),fiat_currency_support (0.990),fiat_currency_support (0.964),
banking77-test_banking77-000542,label,a,lost_or_stolen_phone,compromised_card (0.552),lost_or_stolen_card (0.469),lost_or_stolen_card (0.645),
banking77-v3_banking77_test_full-000591,label,a,transfer_not_received_by_recipient,transfer_timing (0.999),transfer_timing (1.000),transfer_timing (0.994),
banking77-v3_banking77_test_full-001106,label,a,pending_card_payment,pending_transfer (0.949),pending_transfer (0.998),pending_transfer (0.997),
clinc-test_indomain-002040,intent,c,damaged_card,,,,damaged_card (0.999)
clinc-test_indomain-004938,intent,c,other,,,,other (0.997)
banking77-test_banking77-000768,label,a,transfer_into_account,other (0.903),lost_or_stolen_card (0.932),lost_or_stolen_card (0.556),
banking77-v3_banking77_test_full-000143,label,b,pending_cash_withdrawal,pending_cash_withdrawal (0.998),pending_cash_withdrawal (1.000),pending_cash_withdrawal (0.999),
banking77-v3_banking77_test_full-002033,label,b,verify_my_identity,verify_my_identity (0.999),verify_my_identity (1.000),verify_my_identity (0.999),
banking77-test_banking77-000780,label,a,verify_top_up,verify_my_identity (0.693),verify_my_identity (0.585),verify_my_identity (0.696),
banking77-v3_banking77_test_full-001754,label,b,get_disposable_virtual_card,get_disposable_virtual_card (0.996),get_disposable_virtual_card (1.000),get_disposable_virtual_card (0.999),
banking77-test_banking77-000496,label,b,passcode_forgotten,passcode_forgotten (0.999),passcode_forgotten (1.000),passcode_forgotten (0.999),
banking77-test_banking77-000426,label,a,topping_up_by_card,top_up_failed (0.918),top_up_reverted (0.515),top_up_failed (0.937),
clinc-test_indomain-005046,intent,c,other,,,,other (0.960)
banking77-v3_banking77_test_full-001400,label,a,reverted_card_payment?,apple_pay_or_google_pay (0.538),apple_pay_or_google_pay (0.980),apple_pay_or_google_pay (0.834),
banking77-v3_banking77_test_full-000273,label,b,exchange_via_app,exchange_rate (0.997),exchange_rate (1.000),exchange_rate (0.982),
banking77-v3_banking77_test_full-000902,label,a,topping_up_by_card,other (0.360),cash_withdrawal_not_recognised (0.781),declined_card_payment (0.395),
clinc-test_indomain-003676,intent,c,car_rental,,,,car_rental (0.997)
banking77-v3_banking77_test_full-001002,label,a,direct_debit_payment_not_recognised,other (0.790),card_payment_not_recognised (0.659),card_payment_not_recognised (0.549),
clinc-test_indomain-004046,intent,c,other,,,,other (0.994)
banking77-test_banking77-000497,label,b,passcode_forgotten,passcode_forgotten (0.997),passcode_forgotten (0.996),passcode_forgotten (0.976),
clinc-test_indomain-002761,intent,c,weather,,,,weather (1.000)
banking77-v3_banking77_test_full-000404,label,a,contactless_not_working,apple_pay_or_google_pay (0.656),apple_pay_or_google_pay (0.787),apple_pay_or_google_pay (0.866),
banking77-v3_banking77_test_full-000787,label,b,edit_personal_details,edit_personal_details (0.999),edit_personal_details (1.000),edit_personal_details (0.999),
banking77-v3_banking77_test_full-000797,label,a,why_verify_identity,unable_to_verify_identity (0.981),unable_to_verify_identity (0.882),unable_to_verify_identity (0.970),
banking77-v3_banking77_test_full-001157,label,a,request_refund,request_refund (0.872),reverted_card_payment? (0.573),reverted_card_payment? (0.697),
banking77-v3_banking77_test_full-001819,label,a,balance_not_updated_after_bank_transfer,verify_source_of_funds (0.754),verify_source_of_funds (0.892),verify_source_of_funds (0.880),
clinc-test_indomain-005527,intent,c,other,,,,other (0.998)
banking77-test_banking77-000717,label,a,beneficiary_not_allowed,other (0.925),topping_up_by_card (0.349),declined_card_payment (0.468),
clinc-test_indomain-005780,intent,c,other,,,,other (0.996)
clinc-test_indomain-004412,intent,c,other,,,,other (0.999)
banking77-v3_banking77_test_full-000639,label,b,getting_virtual_card,getting_virtual_card (0.995),getting_virtual_card (0.999),getting_virtual_card (0.997),
clinc-test_indomain-005548,intent,c,other,,,,other (0.992)
banking77-v3_banking77_test_full-000857,label,a,get_physical_card,other (0.499),order_physical_card (0.642),lost_or_stolen_card (0.363),
banking77-v3_banking77_test_full-001455,label,a,beneficiary_not_allowed,top_up_failed (0.464),top_up_failed (0.673),top_up_failed (0.534),
clinc-test_indomain-004718,intent,c,other,,,,other (0.995)
banking77-test_banking77-000077,label,b,pending_cash_withdrawal,pending_cash_withdrawal (0.871),pending_cash_withdrawal (1.000),pending_cash_withdrawal (0.998),
banking77-v3_banking77_test_full-001501,label,a,transfer_fee_charged,extra_charge_on_statement (0.994),extra_charge_on_statement (1.000),extra_charge_on_statement (0.998),
clinc-test_indomain-002268,intent,c,exchange_rate,,,,exchange_rate (0.999)
banking77-v3_banking77_test_full-000951,label,a,compromised_card,other (0.753),card_swallowed (0.673),card_swallowed (0.679),
clinc-test_indomain-000799,intent,c,transactions,,,,transactions (0.755)
clinc-test_indomain-003645,intent,c,how_old_are_you,,,,how_old_are_you (0.996)
banking77-v3_banking77_test_full-000712,label,a,top_up_reverted,top_up_failed (0.970),top_up_failed (0.997),top_up_failed (0.998),
clinc-test_indomain-002950,intent,c,other,,,,pto_request_status (0.822)
banking77-v3_banking77_test_full-002037,label,b,verify_my_identity,verify_my_identity (0.998),verify_my_identity (0.777),verify_my_identity (0.994),
banking77-v3_banking77_test_full-001298,label,a,card_swallowed,atm_support (0.858),atm_support (0.995),atm_support (0.646),
banking77-test_banking77-000952,label,a,cash_withdrawal_charge,transfer_fee_charged (0.990),transfer_fee_charged (0.999),transfer_fee_charged (0.998),
banking77-v3_banking77_test_full-000570,label,b,card_payment_fee_charged,card_payment_fee_charged (0.998),card_payment_fee_charged (1.000),card_payment_fee_charged (0.999),
clinc-test_indomain-002430,intent,c,accept_reservations,,,,accept_reservations (0.999)
banking77-v3_banking77_test_full-001815,label,a,balance_not_updated_after_bank_transfer,other (0.597),transfer_into_account (0.850),transfer_into_account (0.954),
banking77-v3_banking77_test_full-000114,label,a,extra_charge_on_statement,other (0.925),transaction_charged_twice (0.313),declined_card_payment (0.472),
banking77-test_banking77-000723,label,b,beneficiary_not_allowed,beneficiary_not_allowed (0.991),beneficiary_not_allowed (1.000),beneficiary_not_allowed (0.997),
clinc-test_indomain-002018,intent,c,calories,,,,calories (1.000)
banking77-test_banking77-000092,label,a,card_delivery_estimate,order_physical_card (0.836),order_physical_card (0.545),order_physical_card (0.796),
clinc-test_indomain-002831,intent,c,whisper_mode,,,,whisper_mode (0.999)
banking77-v3_banking77_test_full-002017,label,a,apple_pay_or_google_pay,automatic_top_up (0.995),automatic_top_up (0.658),automatic_top_up (0.985),
banking77-v3_banking77_test_full-000238,label,a,automatic_top_up,automatic_top_up (0.788),top_up_limits (0.991),top_up_limits (0.958),
banking77-test_banking77-000797,label,b,getting_spare_card,getting_spare_card (1.000),getting_spare_card (1.000),getting_spare_card (0.999),
banking77-test_banking77-000828,label,a,order_physical_card,get_physical_card (0.896),get_physical_card (0.920),get_physical_card (0.791),
banking77-test_banking77-000064,label,b,extra_charge_on_statement,extra_charge_on_statement (0.988),extra_charge_on_statement (0.999),extra_charge_on_statement (0.991),
banking77-v3_banking77_test_full-001066,label,a,declined_cash_withdrawal,declined_card_payment (0.525),declined_card_payment (0.623),declined_card_payment (0.642),
banking77-test_banking77-000696,label,a,reverted_card_payment?,card_payment_not_recognised (0.848),supported_cards_and_currencies (0.455),card_payment_not_recognised (0.598),
banking77-v3_banking77_test_full-001021,label,a,direct_debit_payment_not_recognised,other (0.656),card_linking (0.946),card_linking (0.685),
banking77-v3_banking77_test_full-001672,label,a,order_physical_card,other (0.699),topping_up_by_card (0.773),card_linking (0.342),
banking77-v3_banking77_test_full-000435,label,b,top_up_by_bank_transfer_charge,other (0.878),top_up_by_bank_transfer_charge (0.990),top_up_by_bank_transfer_charge (0.562),
banking77-test_banking77-000263,label,b,transfer_not_received_by_recipient,transfer_not_received_by_recipient (0.981),transfer_not_received_by_recipient (0.999),transfer_not_received_by_recipient (0.997),
banking77-v3_banking77_test_full-001698,label,a,virtual_card_not_working,supported_cards_and_currencies (0.773),supported_cards_and_currencies (0.821),supported_cards_and_currencies (0.897),
banking77-v3_banking77_test_full-000850,label,a,get_physical_card,other (0.487),order_physical_card (0.516),order_physical_card (0.615),
clinc-test_indomain-000928,intent,c,spending_history,,,,spending_history (0.951)
banking77-test_banking77-000000,label,a,card_arrival,lost_or_stolen_card (0.794),lost_or_stolen_card (0.607),lost_or_stolen_card (0.681),
clinc-test_indomain-003402,intent,c,calendar_update,,,,calendar_update (0.999)
banking77-test_banking77-000805,label,a,getting_spare_card,visa_or_mastercard (0.974),visa_or_mastercard (0.514),visa_or_mastercard (0.946),
banking77-v3_banking77_test_full-000903,label,a,topping_up_by_card,card_payment_not_recognised (0.509),card_payment_not_recognised (0.879),card_payment_not_recognised (0.844),
banking77-test_banking77-000619,label,b,pending_transfer,pending_transfer (0.934),pending_transfer (1.000),pending_transfer (0.991),
clinc-test_indomain-005494,intent,c,other,,,,other (0.998)
clinc-test_indomain-004378,intent,c,other,,,,other (0.998)
banking77-test_banking77-000955,label,b,cash_withdrawal_charge,cash_withdrawal_charge (0.996),cash_withdrawal_charge (1.000),cash_withdrawal_charge (0.999),
clinc-test_indomain-005350,intent,c,other,,,,other (0.999)
banking77-v3_banking77_test_full-001837,label,a,cash_withdrawal_not_recognised,lost_or_stolen_card (0.699),reverted_card_payment? (0.743),reverted_card_payment? (0.693),
banking77-test_banking77-000565,label,a,declined_transfer,failed_transfer (0.767),failed_transfer (0.977),failed_transfer (0.477),
clinc-test_indomain-001185,intent,c,other,,,,other (0.999)
banking77-v3_banking77_test_full-001415,label,a,reverted_card_payment?,direct_debit_payment_not_recognised (0.620),direct_debit_payment_not_recognised (0.604),direct_debit_payment_not_recognised (0.563),
banking77-test_banking77-000528,label,a,pending_card_payment,pending_top_up (0.873),pending_top_up (0.980),pending_top_up (0.758),
banking77-test_banking77-000182,label,a,contactless_not_working,visa_or_mastercard (0.569),visa_or_mastercard (0.530),visa_or_mastercard (0.846),
banking77-v3_banking77_test_full-000856,label,a,get_physical_card,change_pin (0.991),change_pin (0.975),change_pin (0.978),
banking77-v3_banking77_test_full-001912,label,a,activate_my_card,card_linking (0.850),card_linking (0.811),card_linking (0.859),
banking77-v3_banking77_test_full-001206,label,b,Refund_not_showing_up,Refund_not_showing_up (0.993),Refund_not_showing_up (1.000),Refund_not_showing_up (0.998),
banking77-v3_banking77_test_full-001797,label,a,top_up_failed,declined_cash_withdrawal (0.863),declined_cash_withdrawal (0.971),declined_cash_withdrawal (0.987),
clinc-test_indomain-005037,intent,c,other,,,,other (0.999)
banking77-v3_banking77_test_full-000089,label,a,card_payment_wrong_exchange_rate,extra_charge_on_statement (0.991),extra_charge_on_statement (0.999),extra_charge_on_statement (0.991),
banking77-v3_banking77_test_full-000891,label,a,visa_or_mastercard,card_acceptance (0.980),card_acceptance (0.545),card_acceptance (0.986),
banking77-test_banking77-000354,label,a,card_payment_not_recognised,extra_charge_on_statement (0.992),extra_charge_on_statement (0.997),extra_charge_on_statement (0.998),
banking77-v3_banking77_test_full-001839,label,a,cash_withdrawal_not_recognised,pending_cash_withdrawal (0.833),pending_cash_withdrawal (0.764),pending_cash_withdrawal (0.848),
banking77-v3_banking77_test_full-001238,label,b,pending_transfer,pending_transfer (0.999),pending_transfer (1.000),pending_transfer (0.999),
banking77-v3_banking77_test_full-000408,label,b,top_up_by_bank_transfer_charge,top_up_by_bank_transfer_charge (0.989),top_up_by_bank_transfer_charge (1.000),top_up_by_bank_transfer_charge (0.998),
banking77-v3_banking77_test_full-000390,label,b,contactless_not_working,contactless_not_working (0.992),contactless_not_working (1.000),contactless_not_working (0.994),
banking77-test_banking77-000117,label,b,card_not_working,card_not_working (0.999),card_not_working (1.000),card_not_working (0.999),
banking77-v3_banking77_test_full-001497,label,a,transfer_fee_charged,extra_charge_on_statement (0.782),extra_charge_on_statement (0.589),extra_charge_on_statement (0.681),
banking77-v3_banking77_test_full-001957,label,b,card_about_to_expire,getting_virtual_card (0.965),card_about_to_expire (0.959),getting_virtual_card (0.863),
clinc-test_indomain-000099,intent,c,meaning_of_life,,,,meaning_of_life (0.999)
clinc-test_indomain-004271,intent,c,other,,,,other (0.996)
clinc-test_indomain-002878,intent,c,cancel,,,,cancel (0.998)
banking77-test_banking77-000645,label,b,card_swallowed,card_swallowed (0.953),card_swallowed (1.000),card_swallowed (1.000),
banking77-v3_banking77_test_full-000831,label,b,unable_to_verify_identity,unable_to_verify_identity (0.983),unable_to_verify_identity (1.000),unable_to_verify_identity (0.988),
banking77-v3_banking77_test_full-000179,label,a,fiat_currency_support,exchange_rate (0.998),exchange_rate (0.989),exchange_rate (0.797),
clinc-test_indomain-003533,intent,c,update_playlist,,,,update_playlist (0.999)
banking77-test_banking77-000913,label,a,exchange_charge,exchange_via_app (0.981),exchange_via_app (0.856),exchange_via_app (0.985),
clinc-test_indomain-002971,intent,c,directions,,,,directions (0.999)
clinc-test_indomain-001539,intent,c,pto_used,,,,pto_used (0.997)
banking77-v3_banking77_test_full-000628,label,a,supported_cards_and_currencies,fiat_currency_support (0.834),fiat_currency_support (0.984),fiat_currency_support (0.691),
banking77-test_banking77-000465,label,a,compromised_card,compromised_card (0.922),card_payment_not_recognised (0.997),card_payment_not_recognised (0.987),
clinc-test_indomain-001618,intent,c,travel_notification,,,,travel_notification (0.999)
banking77-v3_banking77_test_full-001413,label,a,reverted_card_payment?,other (0.359),contactless_not_working (0.386),contactless_not_working (0.463),
clinc-test_indomain-000618,intent,c,confirm_reservation,,,,confirm_reservation (0.999)
banking77-v3_banking77_test_full-002055,label,b,country_support,country_support (0.830),country_support (0.991),country_support (0.997),
banking77-test_banking77-000082,label,a,pending_cash_withdrawal,pending_card_payment (0.808),pending_card_payment (0.997),pending_card_payment (0.695),
banking77-v3_banking77_test_full-000893,label,b,visa_or_mastercard,visa_or_mastercard (0.997),visa_or_mastercard (1.000),visa_or_mastercard (0.999),
clinc-test_indomain-001863,intent,c,alarm,,,,alarm (1.000)
banking77-v3_banking77_test_full-000414,label,a,top_up_by_bank_transfer_charge,transfer_not_received_by_recipient (0.574),transfer_not_received_by_recipient (0.979),transfer_not_received_by_recipient (0.946),
banking77-v3_banking77_test_full-000407,label,a,contactless_not_working,other (0.496),apple_pay_or_google_pay (0.998),apple_pay_or_google_pay (0.929),
banking77-v3_banking77_test_full-000528,label,a,wrong_amount_of_cash_received,wrong_amount_of_cash_received (0.632),declined_card_payment (0.711),declined_card_payment (0.979),
banking77-test_banking77-000316,label,a,top_up_reverted,top_up_failed (0.980),top_up_failed (0.999),top_up_failed (0.994),
banking77-v3_banking77_test_full-000229,label,a,automatic_top_up,top_up_limits (0.543),top_up_limits (0.828),top_up_limits (0.710),
banking77-v3_banking77_test_full-000899,label,a,topping_up_by_card,other (0.515),beneficiary_not_allowed (0.998),beneficiary_not_allowed (0.867),
banking77-v3_banking77_test_full-001669,label,a,order_physical_card,card_acceptance (0.910),card_acceptance (0.624),card_acceptance (0.638),
banking77-test_banking77-000144,label,b,lost_or_stolen_card,lost_or_stolen_card (0.999),lost_or_stolen_card (1.000),lost_or_stolen_card (0.999),
banking77-test_banking77-000566,label,b,declined_transfer,declined_transfer (0.995),declined_transfer (1.000),declined_transfer (0.998),
banking77-v3_banking77_test_full-000103,label,b,card_payment_wrong_exchange_rate,card_payment_wrong_exchange_rate (0.983),card_payment_wrong_exchange_rate (1.000),card_payment_wrong_exchange_rate (0.995),
banking77-v3_banking77_test_full-001986,label,b,card_about_to_expire,card_about_to_expire (0.739),card_about_to_expire (0.998),card_about_to_expire (0.973),
banking77-test_banking77-000486,label,b,atm_support,atm_support (0.998),atm_support (1.000),atm_support (0.998),
banking77-v3_banking77_test_full-000877,label,b,visa_or_mastercard,visa_or_mastercard (0.977),visa_or_mastercard (0.999),visa_or_mastercard (0.994),
banking77-v3_banking77_test_full-000593,label,a,transfer_not_received_by_recipient,pending_top_up (0.817),pending_top_up (0.966),pending_top_up (0.963),
banking77-test_banking77-000440,label,a,disposable_card_limits,get_disposable_virtual_card (0.899),get_disposable_virtual_card (0.993),get_disposable_virtual_card (0.863),
banking77-v3_banking77_test_full-000451,label,a,pending_top_up,top_up_failed (0.509),top_up_failed (0.574),top_up_failed (0.983),
banking77-test_banking77-000015,label,a,card_linking,activate_my_card (0.992),activate_my_card (0.998),activate_my_card (0.977),
banking77-test_banking77-000772,label,b,transfer_into_account,transfer_into_account (0.997),transfer_into_account (0.999),transfer_into_account (0.999),
clinc-test_indomain-002380,intent,c,other,,,,other (0.909)
banking77-test_banking77-000480,label,a,atm_support,supported_cards_and_currencies (0.998),supported_cards_and_currencies (1.000),supported_cards_and_currencies (0.999),
banking77-v3_banking77_test_full-000837,label,b,unable_to_verify_identity,unable_to_verify_identity (0.554),unable_to_verify_identity (0.991),unable_to_verify_identity (0.994),
banking77-test_banking77-000898,label,b,cash_withdrawal_not_recognised,compromised_card (0.998),cash_withdrawal_not_recognised (0.552),compromised_card (0.996),
banking77-test_banking77-000081,label,a,pending_cash_withdrawal,pending_cash_withdrawal (0.574),cash_withdrawal_not_recognised (0.980),reverted_card_payment? (0.685),
clinc-test_indomain-005386,intent,c,other,,,,other (0.985)
banking77-v3_banking77_test_full-000880,label,a,visa_or_mastercard,activate_my_card (0.396),supported_cards_and_currencies (0.905),supported_cards_and_currencies (0.787),
banking77-v3_banking77_test_full-000961,label,a,compromised_card,other (0.970),other (0.858),passcode_forgotten (0.571),
banking77-test_banking77-000646,label,a,card_swallowed,card_not_working (0.831),cancel_transfer (0.387),lost_or_stolen_card (0.619),
clinc-test_indomain-003969,intent,c,other,,,,other (0.997)
clinc-test_indomain-004419,intent,c,other,,,,other (0.997)
banking77-test_banking77-000755,label,a,failed_transfer,failed_transfer (0.888),topping_up_by_card (0.518),topping_up_by_card (0.500),
banking77-v3_banking77_test_full-000417,label,a,top_up_by_bank_transfer_charge,other (0.482),transfer_not_received_by_recipient (0.717),transfer_not_received_by_recipient (0.889),
banking77-test_banking77-000769,label,a,transfer_into_account,top_up_by_bank_transfer_charge (0.576),top_up_by_cash_or_cheque (0.585),top_up_by_bank_transfer_charge (0.747),
banking77-v3_banking77_test_full-001560,label,b,transfer_into_account,transfer_into_account (0.542),transfer_into_account (0.988),transfer_into_account (0.925),
banking77-v3_banking77_test_full-001471,label,a,beneficiary_not_allowed,other (0.560),top_up_by_bank_transfer_charge (0.488),receiving_money (0.441),
banking77-v3_banking77_test_full-001655,label,a,top_up_by_cash_or_cheque,pending_top_up (0.985),pending_top_up (0.922),pending_top_up (0.497),
banking77-test_banking77-000908,label,a,cash_withdrawal_not_recognised,extra_charge_on_statement (0.641),extra_charge_on_statement (0.928),extra_charge_on_statement (0.786),
banking77-test_banking77-000866,label,b,get_disposable_virtual_card,get_disposable_virtual_card (0.985),get_disposable_virtual_card (1.000),get_disposable_virtual_card (0.994),
banking77-v3_banking77_test_full-001831,label,a,cash_withdrawal_not_recognised,compromised_card (0.989),compromised_card (0.963),compromised_card (0.995),
clinc-test_indomain-000718,intent,c,other,,,,other (0.999)
banking77-v3_banking77_test_full-000592,label,a,transfer_not_received_by_recipient,other (0.820),transfer_fee_charged (0.775),transfer_fee_charged (0.420),
banking77-v3_banking77_test_full-000041,label,a,card_linking,card_linking (0.878),get_physical_card (0.791),get_physical_card (0.390),
banking77-v3_banking77_test_full-001731,label,a,wrong_exchange_rate_for_cash_withdrawal,exchange_charge (0.356),exchange_charge (0.743),exchange_charge (0.796),
clinc-test_indomain-004310,intent,c,other,,,,other (0.997)
clinc-test_indomain-005572,intent,c,other,,,,other (0.999)
banking77-test_banking77-000385,label,a,unable_to_verify_identity,why_verify_identity (0.882),why_verify_identity (0.994),why_verify_identity (0.995),
banking77-test_banking77-000351,label,a,card_payment_not_recognised,other (0.450),cash_withdrawal_not_recognised (0.672),cash_withdrawal_not_recognised (0.424),
banking77-v3_banking77_test_full-001128,label,a,lost_or_stolen_phone,lost_or_stolen_card (0.996),lost_or_stolen_card (0.996),lost_or_stolen_card (0.632),
banking77-v3_banking77_test_full-000868,label,a,get_physical_card,pin_blocked (0.856),order_physical_card (0.846),pin_blocked (0.392),
clinc-test_indomain-001921,intent,c,change_accent,,,,change_accent (0.998)
clinc-test_indomain-003205,intent,c,book_flight,,,,book_flight (0.997)
banking77-v3_banking77_test_full-001729,label,b,wrong_exchange_rate_for_cash_withdrawal,wrong_exchange_rate_for_cash_withdrawal (0.999),wrong_exchange_rate_for_cash_withdrawal (1.000),wrong_exchange_rate_for_cash_withdrawal (0.999),
